{"version":"0.4","title":"Dokan Store","type":"store","content":[{"id":"63bf57d5","settings":{"structure":"21"},"elements":[{"id":"39c230a4","settings":{"_column_size":33,"_inline_size":27.113},"elements":[{"id":"9598025","settings":[],"elements":[],"isInner":false,"widgetType":"wp-widget-dokan-store-support-widget","elType":"widget"},{"id":"7bc4e466","settings":[],"elements":[],"isInner":false,"widgetType":"wp-widget-dokan-store-open-close-widget","elType":"widget"},{"id":"1f94b017","settings":[],"elements":[],"isInner":false,"widgetType":"wp-widget-dokan-store-contact-widget","elType":"widget"},{"id":"79cb0575","settings":[],"elements":[],"isInner":false,"widgetType":"wp-widget-dokan-store-location","elType":"widget"},{"id":"2077df60","settings":[],"elements":[],"isInner":false,"widgetType":"wp-widget-dokan-store-menu","elType":"widget"}],"isInner":false,"elType":"column"},{"id":"328e70bd","settings":{"_column_size":66,"_inline_size":72.886},"elements":[{"id":"1b21edb","settings":{"layout":"full_width","gap":"no","background_background":"classic","background_color":"#ffffff","border_border":"solid","border_width":{"unit":"px","top":"1","right":"1","bottom":"1","left":"1","isLinked":true},"border_color":"#dddddd","margin":{"unit":"%","top":"","right":0,"bottom":"","left":0,"isLinked":false},"structure":"20","background_position":"top left","background_repeat":"no-repeat","background_size":"cover","__dynamic__":{"background_image":"[elementor-tag id=\"dab53c4\" name=\"dokan-store-banner\" settings=\"%7B%7D\"]"}},"elements":[{"id":"4b9bea6a","settings":{"_column_size":50,"_inline_size":40,"background_background":"classic","background_color":"rgba(12,12,12,0.67)"},"elements":[{"id":"5f9038b2","settings":{"__dynamic__":{"image":"[elementor-tag id=\"\" name=\"dokan-store-profile-picture\" settings=\"%7B%22fallback%22%3A%7B%22url%22%3A%22https%3A%5C%2F%5C%2Fsecure.gravatar.com%5C%2Favatar%5C%2F%3Fs%3D96%26d%3Dmm%26r%3Dg%22%2C%22id%22%3A0%7D%7D\"]"},"width":{"unit":"px","size":85},"image_border_border":"solid","image_border_width":{"unit":"px","top":"2","right":"2","bottom":"2","left":"2","isLinked":true},"image_border_color":"#ffffff","image_border_radius":{"unit":"%","top":"50","right":"50","bottom":"50","left":"50","isLinked":true},"_margin":{"unit":"px","top":"0","right":"0","bottom":"-10","left":"0","isLinked":false},"_padding":{"unit":"px","top":"25","right":"0","bottom":"0","left":"0","isLinked":false},"image":{"id":"370","url":"http:\/\/localhost\/dokan\/wp-content\/uploads\/2019\/05\/placeholder-1.png"}},"elements":[],"isInner":false,"widgetType":"dokan-store-profile-picture","elType":"widget"},{"id":"182ffe38","settings":{"__dynamic__":{"title":"[elementor-tag id=\"\" name=\"dokan-store-name-tag\" settings=\"%7B%22before%22%3A%22%22%2C%22after%22%3A%22%22%2C%22fallback%22%3A%22%22%7D\"]"},"title":"Add Your Heading Text Here","align":"center","title_color":"#ffffff","text_shadow_text_shadow_type":"yes","text_shadow_text_shadow":{"horizontal":0,"vertical":0,"blur":10,"color":"rgba(12,12,12,0.24)"},"_margin":{"unit":"%","top":"","right":"","bottom":"","left":"","isLinked":false}},"elements":[],"isInner":false,"widgetType":"dokan-store-name","elType":"widget"},{"id":"5daf63fb","settings":{"icon_list":[{"key":"address","title":"Address","text":"New York, United States (US)","icon":"fa fa-map-marker","show":true,"__dynamic__":{"text":"New York, United States (US)"},"_id":"9a0fbb3"},{"key":"phone","title":"Phone No","text":"123-456-7890","icon":"fa fa-mobile","show":true,"__dynamic__":{"text":"New York, United States (US)"},"_id":"042f43e"},{"key":"email","title":"Email","text":"mail@store.com","icon":"fa fa-envelope-o","show":true,"__dynamic__":{"text":"New York, United States (US)"},"_id":"95205a1"},{"key":"rating","title":"Rating","text":"5 rating from 100 reviews","icon":"fa fa-star","show":true,"__dynamic__":{"text":"New York, United States (US)"},"_id":"1e18091"},{"key":"open_close_status","title":"Open\/Close Status","text":"Store is open","icon":"fa fa-shopping-cart","show":true,"__dynamic__":{"text":"New York, United States (US)"},"_id":"ea1706c"}],"__dynamic__":{"store_info":"[elementor-tag id=\"\" name=\"dokan-store-info\" settings=\"%7B%22before%22%3A%22%22%2C%22after%22%3A%22%22%2C%22fallback%22%3A%22%22%7D\"]"},"space_between":{"unit":"px","size":3},"icon_align":"left","icon_color":"#ffffff","text_color":"#ffffff","_padding":{"unit":"px","top":"0","right":"15","bottom":"15","left":"15","isLinked":false}},"elements":[],"isInner":false,"widgetType":"dokan-store-info","elType":"widget"}],"isInner":true,"elType":"column"},{"id":"7f903df2","settings":{"_column_size":50,"_inline_size":59.996,"content_position":"bottom"},"elements":[{"id":"377f64fc","settings":{"social_icon_list":[{"social":"fa fa-facebook","_id":"d5ae40e","link":{"url":"","is_external":"true","nofollow":""}},{"social":"fa fa-google-plus","_id":"a31a772","link":{"url":"","is_external":"true","nofollow":""}},{"social":"fa fa-twitter","_id":"8d69b3f","link":{"url":"","is_external":"true","nofollow":""}},{"social":"fa fa-pinterest","_id":"d02d19f","link":{"url":"","is_external":"true","nofollow":""}},{"social":"fa fa-linkedin","_id":"9ee3758","link":{"url":"","is_external":"true","nofollow":""}},{"social":"fa fa-youtube","_id":"75ff107","link":{"url":"","is_external":"true","nofollow":""}},{"social":"fa fa-instagram","_id":"bd8580a","link":{"url":"","is_external":"true","nofollow":""}},{"social":"fa fa-flickr","_id":"4e6cfd0","link":{"url":"","is_external":"true","nofollow":""}}],"__dynamic__":{"store_social_links":"[elementor-tag id=\"\" name=\"dokan-store-social-profile-tag\" settings=\"%7B%22before%22%3A%22%22%2C%22after%22%3A%22%22%2C%22fallback%22%3A%22%22%7D\"]"},"shape":"circle","align":"right","icon_size":{"unit":"px","size":13},"_margin":{"unit":"px","top":"0","right":"0","bottom":"15","left":"0","isLinked":false},"_padding":{"unit":"px","top":"0","right":"10","bottom":"0","left":"0","isLinked":false},"custom_css":"selector {\n    line-height: 1;\n}"},"elements":[],"isInner":false,"widgetType":"dokan-store-social-profile","elType":"widget"}],"isInner":true,"elType":"column"}],"isInner":true,"elType":"section"},{"id":"632d2f53","settings":{"layout":"full_width","gap":"no","structure":"20","background_background":"classic","background_color":"#ffffff","border_border":"solid","border_width":{"unit":"px","top":"0","right":"1","bottom":"1","left":"1","isLinked":false},"border_color":"#dddddd","box_shadow_box_shadow_type":"yes","box_shadow_box_shadow":{"horizontal":0,"vertical":1,"blur":1,"spread":0,"color":"rgba(0,0,0,0.11)"},"margin":{"unit":"px","top":"0","right":0,"bottom":"20","left":0,"isLinked":false}},"elements":[{"id":"7e2506ae","settings":{"_column_size":50,"_inline_size":42.628},"elements":[{"id":"6d394f89","settings":{"view":"inline","icon_list":[{"key":"products","title":"Products","text":"Products","url":"#","icon":"","show":true,"__dynamic__":{"text":"Products","url":"#"},"_id":"fdee846"},{"key":"terms_and_conditions","title":"Terms and Conditions","text":"Terms and Conditions","url":"#","icon":"","show":true,"__dynamic__":{"text":"Terms and Conditions","url":"#"},"_id":"2be226c"},{"key":"reviews","title":"Reviews","text":"Reviews","url":"#","icon":"","show":true,"__dynamic__":{"text":"Reviews","url":"#"},"_id":"7fa6df5"},{"key":"vendor_biography","title":"Vendor Biography","text":"Vendor Biography","url":"#","icon":"","show":true,"__dynamic__":{"text":"Vendor Biography","url":"#"},"_id":"7fa6df6"}],"__dynamic__":{"tab_items":"[elementor-tag id=\"\" name=\"dokan-store-tab-items\" settings=\"%7B%22before%22%3A%22%22%2C%22after%22%3A%22%22%2C%22fallback%22%3A%22%22%7D\"]"},"divider":"yes","divider_height":{"unit":"px","size":41},"text_indent":{"unit":"px","size":0},"icon_typography_typography":"custom","icon_typography_font_size":{"unit":"px","size":14},"icon_typography_line_height":{"unit":"px","size":40},"_padding":{"unit":"px","top":"0","right":"0","bottom":"0","left":"8","isLinked":false}},"elements":[],"isInner":false,"widgetType":"dokan-store-tab-items","elType":"widget"}],"isInner":true,"elType":"column"},{"id":"4f24f2ba","settings":{"_column_size":50,"_inline_size":57.368,"css_classes":"dokan-elementor-flex-right","margin":{"unit":"px","top":"","right":"","bottom":"","left":"","isLinked":false}},"elements":[{"id":"2a1f15e2","settings":{"__dynamic__":{"text":"[elementor-tag id=\"\" name=\"dokan-store-follow-store-button-tag\" settings=\"%7B%22before%22%3A%22%22%2C%22after%22%3A%22%22%2C%22fallback%22%3A%22%22%7D\"]"},"text":"Click here","size":"xs","_element_width":"auto","_margin":{"unit":"px","top":"3","right":"3","bottom":"0","left":"0","isLinked":false}},"elements":[],"isInner":false,"widgetType":"dokan-store-follow-store-button","elType":"widget"},{"id":"b51dac","settings":{"__dynamic__":{"text":"[elementor-tag id=\"\" name=\"dokan-store-support-button-tag\" settings=\"%7B%22before%22%3A%22%22%2C%22after%22%3A%22%22%2C%22fallback%22%3A%22%22%7D\"]"},"text":"Click here","size":"xs","_element_width":"auto","_margin":{"unit":"px","top":"3","right":"3","bottom":"0","left":"0","isLinked":false}},"elements":[],"isInner":false,"widgetType":"dokan-store-support-button","elType":"widget"},{"id":"2b9efdca","settings":{"__dynamic__":{"text":"[elementor-tag id=\"\" name=\"dokan-store-live-chat-button-tag\" settings=\"%7B%22before%22%3A%22%22%2C%22after%22%3A%22%22%2C%22fallback%22%3A%22%22%7D\"]"},"text":"Click here","size":"xs","_element_width":"initial","_margin":{"unit":"%","top":"3","right":"0","bottom":"0","left":"0","isLinked":false}},"elements":[],"isInner":false,"widgetType":"dokan-store-live-chat-button","elType":"widget"},{"id":"4d16797e","settings":{"text":"Share","size":"xs","_element_width":"auto","_margin":{"unit":"px","top":"3","right":"3","bottom":"0","left":"3","isLinked":false}},"elements":[],"isInner":false,"widgetType":"dokan-store-share-button","elType":"widget"}],"isInner":true,"elType":"column"}],"isInner":true,"elType":"section"},{"id":"40251455","settings":{"layout":"full_width","gap":"no","margin":{"unit":"%","top":"","right":0,"bottom":"","left":0,"isLinked":false}},"elements":[{"id":"16d0eb86","settings":{"_column_size":100,"_inline_size":null},"elements":[{"id":"3a5e47fa","settings":{"alert_title":"We are on vacation!","__dynamic__":{"alert_description":"[elementor-tag id=\"\" name=\"dokan-store-vacation-message\" settings=\"%7B%22before%22%3A%22%22%2C%22after%22%3A%22%22%2C%22fallback%22%3A%22%22%7D\"]"}},"elements":[],"isInner":false,"widgetType":"dokan-store-vacation-message","elType":"widget"},{"id":"7b96b172","settings":{"__dynamic__":{"store_coupons":"[elementor-tag id=\"\" name=\"dokan-store-coupons-tag\" settings=\"%7B%22before%22%3A%22%22%2C%22after%22%3A%22%22%2C%22fallback%22%3A%22%22%7D\"]"}},"elements":[],"isInner":false,"widgetType":"dokan-store-coupons","elType":"widget"},{"id":"e7ea4a0","settings":{"__dynamic__":{"products":"[elementor-tag id=\"\" name=\"dokan-store-dummy-products\" settings=\"%7B%22before%22%3A%22%22%2C%22after%22%3A%22%22%2C%22fallback%22%3A%22%22%7D\"]"}},"elements":[],"isInner":false,"widgetType":"dokan-store-tab-contents","elType":"widget"}],"isInner":true,"elType":"column"}],"isInner":true,"elType":"section"}],"isInner":false,"elType":"column"}],"isInner":false,"elType":"section"}]}